,Nome,Preço,Nota,Estoque
0,A Light in the ...,£51.77,3,In stock
1,Tipping the Velvet,£53.74,1,In stock
2,Soumission,£50.10,1,In stock
3,Sharp Objects,£47.82,4,In stock
4,Sapiens: A Brief History ...,£54.23,5,In stock
5,The Requiem Red,£22.65,1,In stock
6,The Dirty Little Secrets ...,£33.34,4,In stock
7,The Coming Woman: A ...,£17.93,3,In stock
8,The Boys in the ...,£22.60,4,In stock
9,The Black Maria,£52.15,1,In stock
10,Starving Hearts (Triangular Trade ...,£13.99,2,In stock
11,Shakespeare's Sonnets,£20.66,4,In stock
12,Set Me Free,£17.46,5,In stock
13,Scott Pilgrim's Precious Little ...,£52.29,5,In stock
14,Rip it Up and ...,£35.02,5,In stock
15,Our Band Could Be ...,£57.25,3,In stock
16,Olio,£23.88,1,In stock
17,Mesaerion: The Best Science ...,£37.59,1,In stock
18,Libertarianism for Beginners,£51.33,2,In stock
19,It's Only the Himalayas,£45.17,2,In stock
20,A Light in the ...,£51.77,3,In stock
21,Tipping the Velvet,£53.74,1,In stock
22,Soumission,£50.10,1,In stock
23,Sharp Objects,£47.82,4,In stock
24,Sapiens: A Brief History ...,£54.23,5,In stock
25,The Requiem Red,£22.65,1,In stock
26,The Dirty Little Secrets ...,£33.34,4,In stock
27,The Coming Woman: A ...,£17.93,3,In stock
28,The Boys in the ...,£22.60,4,In stock
29,The Black Maria,£52.15,1,In stock
30,Starving Hearts (Triangular Trade ...,£13.99,2,In stock
31,Shakespeare's Sonnets,£20.66,4,In stock
32,Set Me Free,£17.46,5,In stock
33,Scott Pilgrim's Precious Little ...,£52.29,5,In stock
34,Rip it Up and ...,£35.02,5,In stock
35,Our Band Could Be ...,£57.25,3,In stock
36,Olio,£23.88,1,In stock
37,Mesaerion: The Best Science ...,£37.59,1,In stock
38,Libertarianism for Beginners,£51.33,2,In stock
39,It's Only the Himalayas,£45.17,2,In stock
40,In Her Wake,£12.84,1,In stock
41,How Music Works,£37.32,2,In stock
42,Foolproof Preserving: A Guide ...,£30.52,3,In stock
43,Chase Me (Paris Nights ...,£25.27,5,In stock
44,Black Dust,£34.53,5,In stock
45,Birdsong: A Story in ...,£54.64,3,In stock
46,America's Cradle of Quarterbacks: ...,£22.50,3,In stock
47,Aladdin and His Wonderful ...,£53.13,3,In stock
48,Worlds Elsewhere: Journeys Around ...,£40.30,5,In stock
49,Wall and Piece,£44.18,4,In stock
50,The Four Agreements: A ...,£17.66,5,In stock
51,The Five Love Languages: ...,£31.05,3,In stock
52,The Elephant Tree,£23.82,5,In stock
53,The Bear and the ...,£36.89,1,In stock
54,Sophie's World,£15.94,5,In stock
55,Penny Maybe,£33.29,3,In stock
56,Maude (1883-1993):She Grew Up ...,£18.02,2,In stock
57,"In a Dark, Dark ...",£19.63,1,In stock
58,Behind Closed Doors,£52.22,4,In stock
59,You can't bury them ...,£33.63,2,In stock
60,Slow States of Collapse: ...,£57.31,3,In stock
61,Reasons to Stay Alive,£26.41,2,In stock
62,Private Paris (Private #10),£47.61,5,In stock
63,#HigherSelfie: Wake Up Your ...,£23.11,5,In stock
64,Without Borders (Wanderlove #1),£45.07,2,In stock
65,When We Collided,£31.77,1,In stock
66,"We Love You, Charlie ...",£50.27,5,In stock
67,Untitled Collection: Sabbath Poems ...,£14.27,4,In stock
68,Unseen City: The Majesty ...,£44.18,4,In stock
69,Unicorn Tracks,£18.78,3,In stock
70,Unbound: How Eight Technologies ...,£25.52,1,In stock
71,Tsubasa: WoRLD CHRoNiCLE 2 ...,£16.28,1,In stock
72,Throwing Rocks at the ...,£31.12,3,In stock
73,This One Summer,£19.49,4,In stock
74,Thirst,£17.27,5,In stock
75,The Torch Is Passed: ...,£19.09,1,In stock
76,The Secret of Dreadwillow ...,£56.13,1,In stock
77,The Pioneer Woman Cooks: ...,£56.41,1,In stock
78,The Past Never Ends,£56.50,4,In stock
79,The Natural History of ...,£45.22,3,In stock
80,The Nameless City (The ...,£38.16,4,In stock
81,The Murder That Never ...,£54.11,3,In stock
82,The Most Perfect Thing: ...,£42.96,4,In stock
83,The Mindfulness and Acceptance ...,£23.89,4,In stock
84,The Life-Changing Magic of ...,£16.77,3,In stock
85,The Inefficiency Assassin: Time ...,£20.59,5,In stock
86,The Gutsy Girl: Escapades ...,£37.13,1,In stock
87,The Electric Pencil: Drawings ...,£56.06,1,In stock
88,The Death of Humanity: ...,£58.11,4,In stock
89,The Bulletproof Diet: Lose ...,£49.05,3,In stock
90,The Art Forger,£40.76,3,In stock
91,The Age of Genius: ...,£19.73,1,In stock
92,The Activist's Tao Te ...,£32.24,5,In stock
93,Spark Joy: An Illustrated ...,£41.83,4,In stock
94,Soul Reader,£39.58,2,In stock
95,Security,£39.25,2,In stock
96,"Saga, Volume 6 (Saga ...",£25.02,3,In stock
97,"Saga, Volume 5 (Saga ...",£51.04,2,In stock
98,Reskilling America: Learning to ...,£19.83,2,In stock
99,"Rat Queens, Vol. 3: ...",£50.40,3,In stock
100,"Princess Jellyfish 2-in-1 Omnibus, ...",£13.61,5,In stock
101,Princess Between Worlds (Wide-Awake ...,£13.34,5,In stock
102,"Pop Gun War, Volume ...",£18.97,1,In stock
103,"Political Suicide: Missteps, Peccadilloes, ...",£36.28,2,In stock
104,Patience,£10.16,3,In stock
105,"Outcast, Vol. 1: A ...",£15.44,4,In stock
106,orange: The Complete Collection ...,£48.41,1,In stock
107,Online Marketing for Busy ...,£46.35,1,In stock
108,On a Midnight Clear,£14.07,3,In stock
109,Obsidian (Lux #1),£14.86,2,In stock
110,My Paris Kitchen: Recipes ...,£33.37,2,In stock
111,Masks and Shadows,£56.40,2,In stock
112,Mama Tried: Traditional Italian ...,£14.02,4,In stock
113,"Lumberjanes, Vol. 2: Friendship ...",£46.91,2,In stock
114,"Lumberjanes, Vol. 1: Beware ...",£45.61,3,In stock
115,Lumberjanes Vol. 3: A ...,£19.92,2,In stock
116,"Layered: Baking, Building, and ...",£40.11,1,In stock
117,Judo: Seven Steps to ...,£53.90,2,In stock
118,Join,£35.67,5,In stock
119,In the Country We ...,£22.00,4,In stock
120,Immunity: How Elie Metchnikoff ...,£57.36,5,In stock
121,"I Hate Fairyland, Vol. ...",£29.17,2,In stock
122,I am a Hero ...,£54.63,3,In stock
123,How to Be Miserable: ...,£46.03,1,In stock
124,Her Backup Boyfriend (The ...,£33.97,1,In stock
125,"Giant Days, Vol. 2 ...",£22.11,2,In stock
126,Forever and Forever: The ...,£29.69,3,In stock
127,First and First (Five ...,£15.97,4,In stock
128,Fifty Shades Darker (Fifty ...,£21.96,1,In stock
129,Everydata: The Misinformation Hidden ...,£54.35,2,In stock
130,Don't Be a Jerk: ...,£37.97,2,In stock
131,Danganronpa Volume 1,£51.99,4,In stock
132,Crown of Midnight (Throne ...,£43.29,3,In stock
133,"Codename Baboushka, Volume 1: ...",£36.72,4,In stock
134,Camp Midnight,£17.08,4,In stock
135,Call the Nurse: True ...,£29.14,5,In stock
136,Burning,£28.81,3,In stock
137,Bossypants,£49.46,2,In stock
138,"Bitch Planet, Vol. 1: ...",£37.92,2,In stock
139,Avatar: The Last Airbender: ...,£28.09,2,In stock
140,Algorithms to Live By: ...,£30.81,1,In stock
141,A World of Flavor: ...,£42.95,1,In stock
142,"A Piece of Sky, ...",£56.76,5,In stock
143,A Murder in Time,£16.64,1,In stock
144,A Flight of Arrows ...,£55.53,5,In stock
145,A Fierce and Subtle ...,£28.13,4,In stock
146,A Court of Thorns ...,£52.37,1,In stock
147,(Un)Qualified: How God Uses ...,£54.00,5,In stock
148,You Are What You ...,£21.87,4,In stock
149,William Shakespeare's Star Wars: ...,£43.30,4,In stock
150,Tuesday Nights in 1980,£21.04,2,In stock
151,Tracing Numbers on a ...,£41.60,3,In stock
152,Throne of Glass (Throne ...,£35.07,3,In stock
153,Thomas Jefferson and the ...,£59.64,1,In stock
154,Thirteen Reasons Why,£52.72,1,In stock
155,The White Cat and ...,£58.08,4,In stock
156,The Wedding Dress,£24.12,1,In stock
157,The Vacationers,£42.15,4,In stock
158,The Third Wave: An ...,£12.61,5,In stock
159,The Stranger,£17.44,4,In stock
160,The Shadow Hero (The ...,£33.14,1,In stock
161,The Secret (The Secret ...,£27.37,4,In stock
162,The Regional Office Is ...,£51.36,5,In stock
163,The Psychopath Test: A ...,£36.00,2,In stock
164,The Project,£10.65,1,In stock
165,The Power of Now: ...,£43.54,2,In stock
166,The Omnivore's Dilemma: A ...,£38.21,2,In stock
167,The Nerdy Nummies Cookbook: ...,£37.34,5,In stock
168,The Murder of Roger ...,£44.10,4,In stock
169,The Mistake (Off-Campus #2),£43.29,3,In stock
170,The Matchmaker's Playbook (Wingmen ...,£55.85,1,In stock
171,The Love and Lemons ...,£37.60,2,In stock
172,The Long Shadow of ...,£10.97,1,In stock
173,The Kite Runner,£41.82,4,In stock
174,The House by the ...,£36.95,1,In stock
175,The Glittering Court (The ...,£44.28,1,In stock
176,The Girl on the ...,£55.02,2,In stock
177,The Genius of Birds,£17.24,1,In stock
178,The Emerald Mystery,£23.15,2,In stock
179,The Cookies & Cups ...,£41.25,1,In stock
180,The Bridge to Consciousness: ...,£32.00,3,In stock
181,The Artist's Way: A ...,£38.49,5,In stock
182,The Art of War,£33.34,5,In stock
183,The Argonauts,£10.93,2,In stock
184,The 10% Entrepreneur: Live ...,£27.55,3,In stock
185,Suddenly in Love (Lake ...,£55.99,2,In stock
186,Something More Than This,£16.24,4,In stock
187,Soft Apocalypse,£26.12,2,In stock
188,So You've Been Publicly ...,£12.23,2,In stock
189,Shoe Dog: A Memoir ...,£23.99,2,In stock
190,"Shobu Samurai, Project Aryoku ...",£29.06,3,In stock
191,Secrets and Lace (Fatal ...,£20.27,1,In stock
192,Scarlett Epstein Hates It ...,£43.55,5,In stock
193,Romero and Juliet: A ...,£36.94,1,In stock
194,Redeeming Love,£20.47,5,In stock
195,Poses for Artists Volume ...,£41.06,1,In stock
196,Poems That Make Grown ...,£14.19,4,In stock
197,"Nightingale, Sing",£38.28,1,In stock
198,Night Sky with Exit ...,£41.05,1,In stock
199,Mrs. Houdini,£30.25,5,In stock
200,Modern Romance,£28.26,5,In stock
201,Miss Peregrine’s Home for ...,£10.76,1,In stock
202,Louisa: The Extraordinary Life ...,£16.85,2,In stock
203,Little Red,£13.47,3,In stock
204,Library of Souls (Miss ...,£48.56,5,In stock
205,Large Print Heart of ...,£19.15,2,In stock
206,I Had a Nice ...,£57.36,4,In stock
207,Hollow City (Miss Peregrine’s ...,£42.98,1,In stock
208,Grumbles,£22.16,2,In stock
209,Full Moon over Noah’s ...,£49.43,4,In stock
210,Frostbite (Vampire Academy #2),£29.99,5,In stock
211,Follow You Home,£21.36,1,In stock
212,First Steps for New ...,£29.00,1,In stock
213,Finders Keepers (Bill Hodges ...,£53.53,5,In stock
214,"Fables, Vol. 1: Legends ...",£41.62,4,In stock
215,Eureka Trivia 6.0,£54.59,4,In stock
216,Drive: The Surprising Truth ...,£34.95,4,In stock
217,Done Rubbed Out (Reightman ...,£37.72,5,In stock
218,Doing It Over (Most ...,£35.61,3,In stock
219,Deliciously Ella Every Day: ...,£42.16,3,In stock
220,Dark Notes,£19.19,5,In stock
221,Daring Greatly: How the ...,£19.43,3,In stock
222,Close to You,£49.46,4,In stock
223,Chasing Heaven: What Dying ...,£37.80,2,In stock
224,Big Magic: Creative Living ...,£30.80,3,In stock
225,Becoming Wise: An Inquiry ...,£27.43,2,In stock
226,Beauty Restored (Riley Family ...,£11.11,2,In stock
227,Batman: The Long Halloween ...,£36.50,2,In stock
228,Batman: The Dark Knight ...,£15.38,5,In stock
229,Ayumi's Violin,£15.48,2,In stock
230,Anonymous,£46.82,4,In stock
231,Amy Meets the Saints ...,£18.46,3,In stock
232,Amid the Chaos,£36.58,1,In stock
233,Amatus,£50.54,5,In stock
234,Agnostic: A Spirited Manifesto,£12.51,5,In stock
235,Zealot: The Life and ...,£24.70,3,In stock
236,You (You #1),£43.61,5,In stock
237,"Wonder Woman: Earth One, ...",£37.34,4,In stock
238,Wild Swans,£14.36,2,In stock
239,Why the Right Went ...,£52.65,4,In stock
240,Whole Lotta Creativity Going ...,£38.20,4,In stock
241,What's It Like in ...,£19.60,2,In stock
242,"We Are Robin, Vol. ...",£53.90,1,In stock
243,Walt Disney's Alice in ...,£12.96,5,In stock
244,V for Vendetta (V ...,£37.10,4,In stock
245,Until Friday Night (The ...,£46.31,2,In stock
246,Unbroken: A World War ...,£45.95,2,In stock
247,Twenty Yawns,£22.08,2,In stock
248,Through the Woods,£25.38,2,In stock
249,This Is Where It ...,£27.12,2,In stock
250,The Year of Magical ...,£43.04,2,In stock
251,The Wright Brothers,£56.80,4,In stock
252,The White Queen (The ...,£25.91,5,In stock
253,The Wedding Pact (The ...,£32.61,3,In stock
254,The Time Keeper,£27.88,5,In stock
255,The Testament of Mary,£52.67,4,In stock
256,The Star-Touched Queen,£46.02,5,In stock
257,The Songs of the ...,£44.48,5,In stock
258,The Song of Achilles,£37.40,5,In stock
259,The Rosie Project (Don ...,£54.04,1,In stock
260,The Power of Habit: ...,£16.88,3,In stock
261,The Marriage of Opposites,£28.08,4,In stock
262,The Lucifer Effect: Understanding ...,£10.40,1,In stock
263,The Long Haul (Diary ...,£44.07,1,In stock
264,The Loney,£23.40,1,In stock
265,The Literature Book (Big ...,£17.43,3,In stock
266,The Last Mile (Amos ...,£54.21,2,In stock
267,The Immortal Life of ...,£40.67,2,In stock
268,The Hidden Oracle (The ...,£52.26,2,In stock
269,The Help Yourself Cookbook ...,£28.77,3,In stock
270,The Guilty (Will Robie ...,£13.82,2,In stock
271,The First Hostage (J.B. ...,£25.85,3,In stock
272,The Dovekeepers,£48.78,1,In stock
273,The Darkest Lie,£35.35,5,In stock
274,The Bane Chronicles (The ...,£44.73,4,In stock
275,The Bad-Ass Librarians of ...,£15.77,1,In stock
276,The 14th Colony (Cotton ...,£39.24,1,In stock
277,That Darkness (Gardiner and ...,£13.92,1,In stock
278,Tastes Like Fear (DI ...,£10.69,1,In stock
279,Take Me with You,£45.21,3,In stock
280,Swell: A Year of ...,£45.58,1,In stock
281,Superman Vol. 1: Before ...,£11.89,5,In stock
282,Still Life with Bread ...,£26.41,3,In stock
283,Steve Jobs,£39.50,5,In stock
284,Sorting the Beef from ...,£44.74,4,In stock
285,Someone Like You (The ...,£52.79,5,In stock
286,"So Cute It Hurts!!, ...",£35.43,4,In stock
287,Shtum,£55.84,4,In stock
288,See America: A Celebration ...,£48.87,3,In stock
289,salt.,£46.78,4,In stock
290,Robin War,£47.82,3,In stock
291,"Red Hood/Arsenal, Vol. 1: ...",£25.48,2,In stock
292,Rain Fish,£23.57,3,In stock
293,Quarter Life Poetry: Poems ...,£50.89,5,In stock
294,Pet Sematary,£10.56,3,In stock
295,"Overload: How to Unplug, ...",£52.15,3,In stock
296,Once Was a Time,£18.28,2,In stock
297,Old School (Diary of ...,£11.83,5,In stock
298,No Dream Is Too ...,£21.95,2,In stock
299,"Naruto (3-in-1 Edition), Vol. ...",£38.39,2,In stock
300,My Name Is Lucy ...,£41.56,1,In stock
301,My Mrs. Brown,£24.48,3,In stock
302,My Kind of Crazy,£40.36,1,In stock
303,Mr. Mercedes (Bill Hodges ...,£28.90,1,In stock
304,More Than Music (Chasing ...,£37.61,2,In stock
305,Made to Stick: Why ...,£38.85,5,In stock
306,Luis Paints the World,£53.95,3,In stock
307,Luckiest Girl Alive,£49.83,3,In stock
308,Lowriders to the Center ...,£51.51,2,In stock
309,Love Is a Mix ...,£18.03,1,In stock
310,Looking for Lovely: Collecting ...,£29.14,5,In stock
311,Living Leadership by Insight: ...,£46.91,4,In stock
312,Let It Out: A ...,£26.79,5,In stock
313,Lady Midnight (The Dark ...,£16.28,5,In stock
314,"It's All Easy: Healthy, ...",£19.55,1,In stock
315,Island of Dragons (Unwanteds ...,£29.65,1,In stock
316,I Know What I'm ...,£25.98,4,In stock
317,I Am Pilgrim (Pilgrim ...,£10.60,4,In stock
318,Hyperbole and a Half: ...,£14.75,5,In stock
319,"Hush, Hush (Hush, Hush ...",£47.02,3,In stock
320,Hold Your Breath (Search ...,£28.82,1,In stock
321,Hamilton: The Revolution,£58.79,3,In stock
322,Greek Mythic History,£10.23,5,In stock
323,God: The Most Unpleasant ...,£30.03,5,In stock
324,Glory over Everything: Beyond ...,£45.84,3,In stock
325,Feathers: Displays of Brilliant ...,£49.05,3,In stock
326,Far & Away: Places ...,£15.06,4,In stock
327,Every Last Word,£46.47,3,In stock
328,Eligible (The Austen Project ...,£27.09,3,In stock
329,El Deafo,£57.62,5,In stock
330,Eight Hundred Grapes,£14.39,4,In stock
331,Eaternity: More than 150 ...,£51.75,5,In stock
332,"Eat Fat, Get Thin",£54.07,2,In stock
333,Don't Get Caught,£55.35,1,In stock
334,Doctor Sleep (The Shining ...,£40.12,2,In stock
335,Demigods & Magicians: Percy ...,£37.51,5,In stock
336,Dear Mr. Knightley,£11.21,5,In stock
337,Daily Fantasy Sports,£36.58,1,In stock
338,Crazy Love: Overwhelmed by ...,£47.72,2,In stock
339,Cometh the Hour (The ...,£25.01,3,In stock
340,Code Name Verity (Code ...,£22.13,4,In stock
341,Clockwork Angel (The Infernal ...,£44.14,1,In stock
342,City of Glass (The ...,£56.02,4,In stock
343,City of Fallen Angels ...,£11.23,4,In stock
344,City of Bones (The ...,£43.28,1,In stock
345,City of Ashes (The ...,£47.27,1,In stock
346,Cell,£20.29,4,In stock
347,Catching Jordan (Hundred Oaks),£50.83,3,In stock
348,"Carry On, Warrior: Thoughts ...",£31.85,3,In stock
349,Carrie,£46.23,2,In stock
350,Buying In: The Secret ...,£37.80,4,In stock
351,Brain on Fire: My ...,£49.32,5,In stock
352,Batman: Europa,£32.01,2,In stock
353,Barefoot Contessa Back to ...,£28.01,1,In stock
354,Barefoot Contessa at Home: ...,£50.62,5,In stock
355,Balloon Animals,£17.03,3,In stock
356,Art Ops Vol. 1,£48.80,3,In stock
357,Aristotle and Dante Discover ...,£58.14,4,In stock
358,Angels Walking (Angels Walking ...,£34.20,2,In stock
359,Angels & Demons (Robert ...,£51.48,3,In stock
360,All the Light We ...,£29.87,5,In stock
361,Adulthood Is a Myth: ...,£10.90,2,In stock
362,Abstract City,£56.37,5,In stock
363,A Time of Torment ...,£48.35,5,In stock
364,A Study in Scarlet ...,£16.73,2,In stock
365,A Series of Catastrophes ...,£56.48,2,In stock
366,A People's History of ...,£40.79,2,In stock
367,A Man Called Ove,£39.72,1,In stock
368,A Distant Mirror: The ...,£14.58,3,In stock
369,A Brush of Wings ...,£55.51,1,In stock
370,1491: New Revelations of ...,£21.80,3,In stock
371,"The Three Searches, Meaning, ...",£13.33,3,In stock
372,Searching for Meaning in ...,£38.73,1,In stock
373,Rook,£37.86,4,In stock
374,My Kitchen Year: 136 ...,£11.53,2,In stock
375,13 Hours: The Inside ...,£27.06,1,In stock
376,Will You Won't You ...,£13.86,3,In stock
377,Tipping Point for Planet ...,£37.55,1,In stock
378,The Star-Touched Queen,£32.30,5,In stock
379,The Silent Sister (Riley ...,£46.29,5,In stock
380,The Midnight Watch: A ...,£26.20,1,In stock
381,The Lonely City: Adventures ...,£33.26,2,In stock
382,The Gray Rhino: How ...,£59.15,4,In stock
383,The Golden Condom: And ...,£39.43,1,In stock
384,The Epidemic (The Program ...,£14.44,5,In stock
385,The Dinner Party,£56.54,2,In stock
386,The Diary of a ...,£59.90,3,In stock
387,The Children,£11.88,3,In stock
388,Stars Above (The Lunar ...,£48.05,2,In stock
389,Snatched: How A Drug ...,£21.21,3,In stock
390,Raspberry Pi Electronics Projects ...,£49.67,4,In stock
391,Quench Your Own Thirst: ...,£43.14,1,In stock
392,Psycho: Sanitarium (Psycho #1.5),£36.97,5,In stock
393,Poisonous (Max Revere Novels ...,£26.80,3,In stock
394,One with You (Crossfire ...,£15.71,4,In stock
395,No Love Allowed (Dodge ...,£54.65,4,In stock
396,Murder at the 42nd ...,£54.36,4,In stock
397,Most Wanted,£35.28,3,In stock
398,"Love, Lies and Spies",£20.55,2,In stock
399,How to Speak Golf: ...,£58.32,5,In stock
400,Hide Away (Eve Duncan ...,£11.84,1,In stock
401,Furiously Happy: A Funny ...,£41.46,4,In stock
402,Everyday Italian: 125 Simple ...,£20.10,5,In stock
403,Equal Is Unfair: America's ...,£56.86,1,In stock
404,Eleanor & Park,£56.51,5,In stock
405,Dirty (Dive Bar #1),£40.83,4,In stock
406,Can You Keep a ...,£48.64,1,In stock
407,Boar Island (Anna Pigeon ...,£59.48,3,In stock
408,A Paris Apartment,£39.01,4,In stock
409,A la Mode: 120 ...,£38.77,1,In stock
410,Troublemaker: Surviving Hollywood and ...,£48.39,2,In stock
411,The Widow,£27.26,2,In stock
412,The Sleep Revolution: Transforming ...,£11.68,4,In stock
413,The Improbability of Love,£59.45,1,In stock
414,The Art of Startup ...,£21.00,3,In stock
415,Take Me Home Tonight ...,£53.98,3,In stock
416,Sleeping Giants (Themis Files ...,£48.74,1,In stock
417,Setting the World on ...,£21.15,2,In stock
418,Playing with Fire,£13.71,3,In stock
419,Off the Hook (Fishing ...,£47.67,3,In stock
420,Mothering Sunday,£13.34,2,In stock
421,"Mother, Can You Not?",£16.89,5,In stock
422,M Train,£27.18,1,In stock
423,Lilac Girls,£17.28,2,In stock
424,Lies and Other Acts ...,£45.14,1,In stock
425,Lab Girl,£40.85,1,In stock
426,Keep Me Posted,£20.46,4,In stock
427,It Didn't Start with ...,£56.27,3,In stock
428,Grey (Fifty Shades #4),£48.49,4,In stock
429,"Exit, Pursued by a ...",£51.34,4,In stock
430,Daredevils,£16.34,3,In stock
431,Cravings: Recipes for What ...,£20.50,3,In stock
432,Born for This: How ...,£21.59,5,In stock
433,Arena,£21.36,4,In stock
434,Adultery,£20.88,5,In stock
435,A Mother's Reckoning: Living ...,£19.53,3,In stock
436,A Gentleman's Position (Society ...,£14.75,5,In stock
437,11/22/63,£48.48,3,In stock
438,10% Happier: How I ...,£24.57,2,In stock
439,10-Day Green Smoothie Cleanse: ...,£49.71,5,In stock
440,Without Shame,£48.27,5,In stock
441,Watchmen,£58.05,4,In stock
442,Unlimited Intuition Now,£58.87,4,In stock
443,Underlying Notes,£11.82,2,In stock
444,The Shack,£28.03,1,In stock
445,The New Brand You: ...,£44.05,5,In stock
446,The Moosewood Cookbook: Recipes ...,£12.34,4,In stock
447,The Flowers Lied,£16.68,2,In stock
448,The Fabric of the ...,£55.91,1,In stock
449,The Book of Mormon,£24.57,3,In stock
450,The Art and Science ...,£52.98,5,In stock
451,The Alien Club,£54.40,1,In stock
452,Suzie Snowflake: One beautiful ...,£54.81,5,In stock
453,Nap-a-Roo,£25.08,1,In stock
454,NaNo What Now? Finding ...,£10.41,4,In stock
455,Modern Day Fables,£47.44,2,In stock
456,If I Gave You ...,£20.91,1,In stock
457,"Fruits Basket, Vol. 9 ...",£33.95,4,In stock
458,Dress Your Family in ...,£43.68,3,In stock
459,Don't Forget Steven,£33.23,1,In stock
460,Chernobyl 01:23:40: The Incredible ...,£35.92,2,In stock
461,Art and Fear: Observations ...,£48.63,4,In stock
462,A Shard of Ice ...,£56.63,3,In stock
463,A Hero's Curse (The ...,£50.49,3,In stock
464,23 Degrees South: A ...,£35.79,2,In stock
465,Zero to One: Notes ...,£34.06,3,In stock
466,Why Not Me?,£17.76,1,In stock
467,When Breath Becomes Air,£39.36,2,In stock
468,Vagabonding: An Uncommon Guide ...,£36.94,2,In stock
469,The Unlikely Pilgrimage of ...,£43.62,5,In stock
470,The New Drawing on ...,£43.02,3,In stock
471,"The Midnight Assassin: Panic, ...",£28.45,4,In stock
472,The Martian (The Martian ...,£41.39,2,In stock
473,The High Mountains of ...,£51.15,1,In stock
474,The Grownup,£35.88,1,In stock
475,The E-Myth Revisited: Why ...,£36.91,1,In stock
476,South of Sunshine,£28.93,1,In stock
477,Smarter Faster Better: The ...,£38.89,5,In stock
478,Silence in the Dark ...,£58.33,3,In stock
479,Shadows of the Past ...,£39.67,5,In stock
480,Roller Girl,£14.10,5,In stock
481,Rising Strong,£21.82,3,In stock
482,Proofs of God: Classical ...,£54.21,1,In stock
483,Please Kill Me: The ...,£31.19,4,In stock
484,Out of Print: City ...,£53.64,5,In stock
485,My Life Next Door ...,£36.39,5,In stock
486,Miller's Valley,£58.54,2,In stock
487,Man's Search for Meaning,£29.48,3,In stock
488,Love That Boy: What ...,£25.06,2,In stock
489,Living Forward: A Proven ...,£12.55,3,In stock
490,Les Fleurs du Mal,£29.04,5,In stock
491,Left Behind (Left Behind ...,£40.72,2,In stock
492,Kill 'Em and Leave: ...,£45.05,5,In stock
493,Kierkegaard: A Christian Missionary ...,£47.13,1,In stock
494,John Vassos: Industrial Design ...,£20.22,4,In stock
495,I'll Give You the ...,£56.48,1,In stock
496,I Will Find You,£44.21,1,In stock
497,Hystopia: A Novel,£21.96,4,In stock
498,Howl and Other Poems,£40.45,2,In stock
499,History of Beauty,£10.29,4,In stock
500,Heaven is for Real: ...,£52.86,2,In stock
501,Future Shock (Future Shock ...,£55.65,5,In stock
502,Ender's Game (The Ender ...,£43.64,1,In stock
503,Diary of a Citizen ...,£28.41,1,In stock
504,Death by Leisure: A ...,£37.51,4,In stock
505,Brilliant Beacons: A History ...,£11.45,3,In stock
506,Brazen: The Courage to ...,£19.22,2,In stock
507,Between the World and ...,£56.91,4,In stock
508,Being Mortal: Medicine and ...,£55.06,4,In stock
509,A Murder Over a ...,£13.20,3,In stock
510,32 Yolks,£53.63,2,In stock
511,"""Most Blessed of the ...",£44.48,5,In stock
512,You Are a Badass: ...,£12.08,3,In stock
513,Wildlife of New York: ...,£22.14,2,In stock
514,What Happened on Beale ...,£25.37,5,In stock
515,Unreasonable Hope: Finding Faith ...,£46.33,2,In stock
516,Under the Tuscan Sun,£37.33,3,In stock
517,Toddlers Are A**holes: It's ...,£25.55,1,In stock
518,The Year of Living ...,£34.72,1,In stock
519,The Whale,£35.96,4,In stock
520,The Story of Art,£41.14,4,In stock
521,The Origin of Species,£10.01,4,In stock
522,The Great Gatsby,£36.05,4,In stock
523,The Good Girl,£49.03,3,In stock
524,The Glass Castle,£16.24,1,In stock
525,The Faith of Christopher ...,£39.55,1,In stock
526,The Drowning Girls,£35.67,3,In stock
527,The Constant Princess (The ...,£16.62,3,In stock
528,The Bourne Identity (Jason ...,£42.78,4,In stock
529,The Bachelor Girl's Guide ...,£52.30,5,In stock
530,The Art Book,£32.34,2,In stock
531,The 7 Habits of ...,£33.17,4,In stock
532,Team of Rivals: The ...,£20.12,5,In stock
533,Steal Like an Artist: ...,£20.90,2,In stock
534,"Sit, Stay, Love",£20.90,3,In stock
535,Sister Dear,£40.20,4,In stock
536,"Shrunken Treasures: Literary Classics, ...",£52.87,3,In stock
537,"Rich Dad, Poor Dad",£51.74,1,In stock
538,Raymie Nightingale,£34.41,2,In stock
539,Playing from the Heart,£32.38,1,In stock
540,Nightstruck: A Novel,£50.35,4,In stock
541,Naturally Lean: 125 Nourishing ...,£11.38,5,In stock
542,Meternity,£43.58,3,In stock
543,Memoirs of a Geisha,£49.67,3,In stock
544,Like Never Before (Walker ...,£28.77,2,In stock
545,Life of Pi,£13.22,4,In stock
546,Leave This Song Behind: ...,£51.17,5,In stock
547,King's Folly (The Kinsman ...,£39.61,5,In stock
548,John Adams,£57.43,4,In stock
549,How to Cook Everything ...,£46.01,4,In stock
550,How to Be a ...,£28.25,2,In stock
551,Good in Bed (Cannie ...,£37.05,5,In stock
552,"Fruits Basket, Vol. 7 ...",£19.57,1,In stock
553,For the Love: Fighting ...,£45.13,3,In stock
554,Finding God in the ...,£46.64,2,In stock
555,Every Heart a Doorway ...,£12.16,5,In stock
556,Delivering the Truth (Quaker ...,£20.89,4,In stock
557,Counted With the Stars ...,£17.97,5,In stock
558,"Chronicles, Vol. 1",£52.60,2,In stock
559,Blue Like Jazz: Nonreligious ...,£25.77,1,In stock
560,Benjamin Franklin: An American ...,£48.19,3,In stock
561,At The Existentialist Café: ...,£29.93,5,In stock
562,A Summer In Europe,£44.34,2,In stock
563,A Short History of ...,£52.40,5,In stock
564,A Gathering of Shadows ...,£44.81,4,In stock
565,The Sound Of Love,£57.84,5,In stock
566,The Rise and Fall ...,£39.67,2,In stock
567,The Perks of Being ...,£55.02,3,In stock
568,The Mysterious Affair at ...,£24.80,4,In stock
569,The Man Who Mistook ...,£59.45,4,In stock
570,The Makings of a ...,£31.58,2,In stock
571,The Joy of Cooking,£43.27,4,In stock
572,The Invention of Wings,£37.34,1,In stock
573,The Hobbit (Middle-Earth Universe),£17.80,5,In stock
574,The Great Railway Bazaar,£30.54,1,In stock
575,The Golden Compass (His ...,£18.77,1,In stock
576,The God Delusion,£46.85,3,In stock
577,The Girl You Left ...,£15.79,1,In stock
578,The Fellowship of the ...,£10.27,2,In stock
579,The Collected Poems of ...,£15.42,5,In stock
580,The Barefoot Contessa Cookbook,£59.92,5,In stock
581,Tell the Wolves I'm ...,£50.96,2,In stock
582,Ship Leaves Harbor: Essays ...,£30.60,3,In stock
583,Pride and Prejudice,£19.27,4,In stock
584,Musicophilia: Tales of Music ...,£46.58,1,In stock
585,Mere Christianity,£48.51,3,In stock
586,Me Before You (Me ...,£19.02,1,In stock
587,In the Woods (Dublin ...,£38.38,2,In stock
588,In Cold Blood,£49.98,4,In stock
589,How to Stop Worrying ...,£46.49,5,In stock
590,Give It Back,£18.32,2,In stock
591,"Girl, Interrupted",£42.14,3,In stock
592,Fun Home: A Family ...,£56.59,4,In stock
593,"Fruits Basket, Vol. 6 ...",£20.96,4,In stock
594,Deception Point,£40.32,4,In stock
595,"Death Note, Vol. 6: ...",£36.39,3,In stock
596,Catherine the Great: Portrait ...,£58.55,4,In stock
597,Better Homes and Gardens ...,£39.61,3,In stock
598,An Unquiet Mind: A ...,£21.30,3,In stock
599,A Year in Provence ...,£56.88,4,In stock
600,World Without End (The ...,£32.97,4,In stock
601,"Will Grayson, Will Grayson ...",£47.31,4,In stock
602,Why Save the Bankers?: ...,£48.67,2,In stock
603,Where She Went (If ...,£41.73,4,In stock
604,What If?: Serious Scientific ...,£53.68,4,In stock
605,Two Summers,£14.64,1,In stock
606,This Is Your Brain ...,£38.40,1,In stock
607,The Secret Garden,£15.08,4,In stock
608,The Raven King (The ...,£30.57,2,In stock
609,The Raven Boys (The ...,£57.74,4,In stock
610,The Power Greens Cookbook: ...,£11.05,5,In stock
611,The Metamorphosis,£28.58,1,In stock
612,The Mathews Men: Seven ...,£42.91,5,In stock
613,The Little Paris Bookshop,£24.73,3,In stock
614,The Hiding Place,£55.91,4,In stock
615,The Grand Design,£13.76,3,In stock
616,The Firm,£45.56,3,In stock
617,The Fault in Our ...,£47.22,1,In stock
618,The False Prince (The ...,£56.00,5,In stock
619,The Expatriates,£44.58,2,In stock
620,The Dream Thieves (The ...,£34.50,1,In stock
621,The Darkest Corners,£11.33,5,In stock
622,The Crossover,£38.77,4,In stock
623,The 5th Wave (The ...,£11.83,2,In stock
624,Tell the Wind and ...,£45.51,3,In stock
625,Tell Me Three Things,£41.81,1,In stock
626,Talking to Girls About ...,£25.15,4,In stock
627,Siddhartha,£34.22,5,In stock
628,Shiver (The Wolves of ...,£16.23,5,In stock
629,Remember Me?,£11.48,3,In stock
630,Red Dragon (Hannibal Lecter ...,£23.37,3,In stock
631,Peak: Secrets from the ...,£16.28,2,In stock
632,My Mother Was Nuts,£31.63,4,In stock
633,Mexican Today: New and ...,£24.91,5,In stock
634,Maybe Something Beautiful: How ...,£22.54,1,In stock
635,Lola and the Boy ...,£23.63,4,In stock
636,Logan Kade (Fallen Crest ...,£13.12,2,In stock
637,Last One Home (New ...,£59.98,3,In stock
638,Killing Floor (Jack Reacher ...,£31.49,4,In stock
639,Kill the Boy Band,£15.52,5,In stock
640,Isla and the Happily ...,£48.13,5,In stock
641,If I Stay (If ...,£38.13,5,In stock
642,I Know Why the ...,£36.55,2,In stock
643,Harry Potter and the ...,£23.32,1,In stock
644,"Fruits Basket, Vol. 5 ...",£16.33,1,In stock
645,Foundation (Foundation (Publication Order) ...,£32.42,1,In stock
646,Fool Me Once,£16.96,1,In stock
647,Find Her (Detective D.D. ...,£22.37,1,In stock
648,Evicted: Poverty and Profit ...,£42.27,1,In stock
649,Drama,£38.70,2,In stock
650,Dracula the Un-Dead,£35.63,5,In stock
651,Digital Fortress,£58.00,5,In stock
652,"Death Note, Vol. 5: ...",£52.41,1,In stock
653,"Data, A Love Story: ...",£32.35,3,In stock
654,Critique of Pure Reason,£20.75,1,In stock
655,Booked,£17.49,5,In stock
656,"Blue Lily, Lily Blue ...",£34.13,5,In stock
657,Approval Junkie: Adventures in ...,£58.81,5,In stock
658,An Abundance of Katherines,£10.00,5,In stock
659,America's War for the ...,£51.22,2,In stock
660,Alight (The Generations Trilogy ...,£58.59,4,In stock
661,A Girl's Guide to ...,£31.30,1,In stock
662,A Game of Thrones ...,£46.42,2,In stock
663,A Feast for Crows ...,£17.21,4,In stock
664,A Clash of Kings ...,£10.79,3,In stock
665,Vogue Colors A to ...,£52.35,4,In stock
666,The Shining (The Shining ...,£27.88,3,In stock
667,The Pilgrim's Progress,£50.26,2,In stock
668,The Perfect Play (Play ...,£59.99,3,In stock
669,The Passion of Dolssa,£28.32,5,In stock
670,The Jazz of Physics: ...,£38.71,3,In stock
671,The Hunger Games (The ...,£29.85,5,In stock
672,The Hound of the ...,£14.82,2,In stock
673,The Gunning of America: ...,£16.81,4,In stock
674,The Geography of Bliss: ...,£28.23,2,In stock
675,The Demonists (Demonist #1),£52.11,2,In stock
676,The Demon Prince of ...,£27.88,2,In stock
677,The Bone Hunters (Lexy ...,£59.71,3,In stock
678,The Beast (Black Dagger ...,£46.08,5,In stock
679,Some Women,£13.73,5,In stock
680,Shopaholic Ties the Knot ...,£48.39,5,In stock
681,Paper and Fire (The ...,£49.45,5,In stock
682,Outlander (Outlander #1),£19.67,5,In stock
683,Orchestra of Exiles: The ...,£12.36,3,In stock
684,No One Here Gets ...,£20.02,5,In stock
685,Night Shift (Night Shift ...,£12.75,4,In stock
686,Needful Things,£47.51,4,In stock
687,Mockingjay (The Hunger Games ...,£20.44,4,In stock
688,Misery,£34.79,2,In stock
689,Little Women (Little Women ...,£28.07,4,In stock
690,It,£25.01,3,In stock
691,Harry Potter and the ...,£13.90,3,In stock
692,Harry Potter and the ...,£24.17,4,In stock
693,Harry Potter and the ...,£31.63,4,In stock
694,Harry Potter and the ...,£48.75,5,In stock
695,Harry Potter and the ...,£14.74,1,In stock
696,Gone with the Wind,£32.49,3,In stock
697,God Is Not Great: ...,£27.80,1,In stock
698,Girl With a Pearl ...,£26.77,1,In stock
699,"Fruits Basket, Vol. 4 ...",£50.44,4,In stock
700,Far From True (Promise ...,£34.93,2,In stock
701,Dark Lover (Black Dagger ...,£12.87,1,In stock
702,Confessions of a Shopaholic ...,£48.94,2,In stock
703,Changing the Game (Play ...,£13.38,3,In stock
704,Candide,£58.63,3,In stock
705,Can You Keep a ...,£21.94,1,In stock
706,Atlas Shrugged,£26.58,5,In stock
707,Animal Farm,£57.22,3,In stock
708,A Walk to Remember,£56.43,1,In stock
709,A New Earth: Awakening ...,£55.65,5,In stock
710,A History of God: ...,£27.62,1,In stock
711,'Salem's Lot,£49.56,4,In stock
712,Zero History (Blue Ant ...,£34.77,1,In stock
713,Wuthering Heights,£17.73,3,In stock
714,World War Z: An ...,£21.80,1,In stock
715,Wild: From Lost to ...,£46.02,3,In stock
716,"Where'd You Go, Bernadette",£18.13,1,In stock
717,When You Are Engulfed ...,£30.89,5,In stock
718,We the People: The ...,£31.95,3,In stock
719,We Are All Completely ...,£24.04,1,In stock
720,Walk the Edge (Thunder ...,£32.36,3,In stock
721,Voyager (Outlander #3),£21.07,5,In stock
722,Very Good Lives: The ...,£50.66,3,In stock
723,Vegan Vegetarian Omnivore: Dinner ...,£13.66,2,In stock
724,"Unstuffed: Decluttering Your Home, ...",£58.09,1,In stock
725,Under the Banner of ...,£30.00,1,In stock
726,Two Boys Kissing,£32.74,2,In stock
727,Twilight (Twilight #1),£41.93,2,In stock
728,Twenties Girl,£42.80,2,In stock
729,Trespassing Across America: One ...,£53.51,1,In stock
730,Three-Martini Lunch,£23.21,3,In stock
731,"Thinking, Fast and Slow",£21.14,1,In stock
732,The Wild Robot,£56.07,3,In stock
733,The Wicked + The ...,£14.41,3,In stock
734,The Undomestic Goddess,£45.75,4,In stock
735,The Travelers,£15.77,1,In stock
736,The Tipping Point: How ...,£10.02,2,In stock
737,The Thing About Jellyfish,£48.77,1,In stock
738,The Stand,£57.86,2,In stock
739,The Smitten Kitchen Cookbook,£23.59,1,In stock
740,The Silkworm (Cormoran Strike ...,£23.05,5,In stock
741,"The Sandman, Vol. 3: ...",£55.55,5,In stock
742,The Rose & the ...,£58.64,4,In stock
743,The Road to Little ...,£23.21,1,In stock
744,The Rise of Theodore ...,£42.57,3,In stock
745,The Restaurant at the ...,£10.92,1,In stock
746,The Rest Is Noise: ...,£34.77,1,In stock
747,The Red Tent,£35.66,5,In stock
748,The Purpose Driven Life: ...,£37.19,3,In stock
749,The Purest Hook (Second ...,£12.25,1,In stock
750,The Picture of Dorian ...,£29.70,2,In stock
751,The Paris Wife,£36.80,3,In stock
752,The Obsession,£45.43,1,In stock
753,The Nightingale,£26.26,4,In stock
754,The New Guy (and ...,£44.92,3,In stock
755,The Nanny Diaries (Nanny ...,£52.53,5,In stock
756,The Name of God ...,£37.25,2,In stock
757,The Maze Runner (The ...,£20.93,1,In stock
758,The Lover's Dictionary,£58.09,2,In stock
759,The Lonely Ones,£43.59,5,In stock
760,The Lean Startup: How ...,£33.92,3,In stock
761,The Last Painting of ...,£55.55,2,In stock
762,"The Land of 10,000 ...",£29.64,4,In stock
763,The Infinities,£27.41,1,In stock
764,The Husband's Secret,£52.51,5,In stock
765,The Hitchhiker's Guide to ...,£47.80,3,In stock
766,The Guns of August,£14.54,2,In stock
767,The Guernsey Literary and ...,£49.53,1,In stock
768,The Goldfinch,£43.58,3,In stock
769,The Giver (The Giver ...,£12.30,1,In stock
770,The Girl with All ...,£49.47,3,In stock
771,The Girl Who Played ...,£22.14,2,In stock
772,The Girl Who Kicked ...,£57.48,1,In stock
773,The Exiled,£43.45,3,In stock
774,The End of Faith: ...,£22.13,4,In stock
775,"The Elegant Universe: Superstrings, ...",£13.03,4,In stock
776,The Disappearing Spoon: And ...,£57.35,5,In stock
777,The Devil Wears Prada ...,£44.29,1,In stock
778,The Demon-Haunted World: Science ...,£52.25,4,In stock
779,The Day the Crayons ...,£26.33,5,In stock
780,The Da Vinci Code ...,£22.96,2,In stock
781,The Cuckoo's Calling (Cormoran ...,£19.21,1,In stock
782,The Complete Stories and ...,£26.78,4,In stock
783,The Complete Poems,£41.32,5,In stock
784,The Catcher in the ...,£24.55,1,In stock
785,The Cat in the ...,£16.26,2,In stock
786,The Case for Christ ...,£47.84,1,In stock
787,The Book Thief,£53.49,2,In stock
788,The Book of Basketball: ...,£44.84,5,In stock
789,The Blind Side: Evolution ...,£53.71,5,In stock
790,The Autobiography of Malcolm ...,£23.43,2,In stock
791,The Art of Simple ...,£34.32,3,In stock
792,The Art of Fielding,£22.10,1,In stock
793,"Surely You're Joking, Mr. ...",£25.83,2,In stock
794,Stiff: The Curious Lives ...,£36.74,3,In stock
795,Spilled Milk: Based on ...,£49.51,1,In stock
796,Something Borrowed (Darcy & ...,£48.96,5,In stock
797,Something Blue (Darcy & ...,£54.62,1,In stock
798,Soldier (Talon #3),£24.72,2,In stock
799,Shopaholic & Baby (Shopaholic ...,£46.45,2,In stock
800,Seven Days in the ...,£52.33,2,In stock
801,Seven Brief Lessons on ...,£30.60,4,In stock
802,Scarlet (The Lunar Chronicles ...,£14.57,4,In stock
803,Sarah's Key,£46.29,1,In stock
804,"Saga, Volume 3 (Saga ...",£21.57,5,In stock
805,Running with Scissors,£12.91,4,In stock
806,Rogue Lawyer (Rogue Lawyer ...,£50.11,3,In stock
807,Rise of the Rocket ...,£41.67,4,In stock
808,Rework,£44.88,2,In stock
809,Reservations for Two,£11.10,3,In stock
810,Red: The True Story ...,£28.54,3,In stock
811,Ready Player One,£19.07,4,In stock
812,Quiet: The Power of ...,£43.55,1,In stock
813,Prodigy: The Graphic Novel ...,£43.63,3,In stock
814,Persepolis: The Story of ...,£39.13,1,In stock
815,Packing for Mars: The ...,£56.68,2,In stock
816,Outliers: The Story of ...,£14.16,1,In stock
817,Original Fake,£31.45,3,In stock
818,Orange Is the New ...,£24.61,2,In stock
819,One for the Money ...,£32.87,2,In stock
820,Notes from a Small ...,£40.17,1,In stock
821,Night (The Night Trilogy ...,£13.51,1,In stock
822,Neither Here nor There: ...,£38.95,3,In stock
823,Naked,£31.69,3,In stock
824,Morning Star (Red Rising ...,£29.40,1,In stock
825,Miracles from Heaven: A ...,£57.83,1,In stock
826,Midnight Riot (Peter Grant/ ...,£55.46,2,In stock
827,Me Talk Pretty One ...,£57.60,2,In stock
828,Manuscript Found in Accra,£34.98,2,In stock
829,Lust & Wonder,£11.87,2,In stock
830,Lila (Gilead #3),£12.47,3,In stock
831,"Life, the Universe and ...",£33.26,2,In stock
832,Life Without a Recipe,£59.04,5,In stock
833,Life After Life,£26.13,2,In stock
834,Letter to a Christian ...,£22.20,1,In stock
835,Let's Pretend This Never ...,£45.11,1,In stock
836,Legend (Legend #1),£43.69,4,In stock
837,"Lean In: Women, Work, ...",£25.02,1,In stock
838,Lamb: The Gospel According ...,£55.50,5,In stock
839,Lady Renegades (Rebel Belle ...,£53.04,5,In stock
840,Jurassic Park (Jurassic Park ...,£44.97,1,In stock
841,It's Never Too Late ...,£42.38,1,In stock
842,Is Everyone Hanging Out ...,£20.11,3,In stock
843,Into the Wild,£56.70,5,In stock
844,Inferno (Robert Langdon #4),£41.00,5,In stock
845,In the Garden of ...,£28.85,3,In stock
846,If I Run (If ...,£49.97,4,In stock
847,I've Got Your Number,£19.69,1,In stock
848,I Am Malala: The ...,£28.88,2,In stock
849,Hungry Girl Clean & ...,£33.14,3,In stock
850,House of Lost Worlds: ...,£43.70,2,In stock
851,House of Leaves,£54.89,1,In stock
852,Horrible Bear!,£37.52,2,In stock
853,Holidays on Ice,£51.07,2,In stock
854,Heir to the Sky,£44.07,4,In stock
855,Green Eggs and Ham ...,£10.79,4,In stock
856,"Grayson, Vol 3: Nemesis ...",£42.72,1,In stock
857,Gratitude,£26.66,5,In stock
858,Gone Girl,£37.60,5,In stock
859,Golden (Heart of Dread ...,£42.21,4,In stock
860,Girl in the Blue ...,£46.83,2,In stock
861,"Fruits Basket, Vol. 3 ...",£45.17,2,In stock
862,Friday Night Lights: A ...,£51.22,3,In stock
863,Fire Bound (Sea Haven/Sisters ...,£21.28,4,In stock
864,Fifty Shades Freed (Fifty ...,£15.36,5,In stock
865,Fellside,£38.62,1,In stock
866,Extreme Prey (Lucas Davenport ...,£25.40,3,In stock
867,Eragon (The Inheritance Cycle ...,£43.87,3,In stock
868,Eclipse (Twilight #3),£18.74,1,In stock
869,Dune (Dune #1),£54.86,1,In stock
870,Dracula,£52.62,3,In stock
871,Do Androids Dream of ...,£51.48,1,In stock
872,Disrupted: My Misadventure in ...,£15.28,5,In stock
873,Dead Wake: The Last ...,£39.24,5,In stock
874,"David and Goliath: Underdogs, ...",£17.81,1,In stock
875,Darkfever (Fever #1),£56.02,1,In stock
876,Dark Places,£23.90,5,In stock
877,Crazy Rich Asians (Crazy ...,£49.13,5,In stock
878,Counting Thyme,£10.62,1,In stock
879,Cosmos,£36.17,2,In stock
880,Civilization and Its Discontents,£59.95,2,In stock
881,Cinder (The Lunar Chronicles ...,£26.09,1,In stock
882,Catastrophic Happiness: Finding Joy ...,£37.35,2,In stock
883,Career of Evil (Cormoran ...,£24.72,2,In stock
884,Breaking Dawn (Twilight #4),£35.28,5,In stock
885,Brave Enough,£51.32,5,In stock
886,Boy Meets Boy,£21.12,3,In stock
887,Born to Run: A ...,£27.35,2,In stock
888,Blink: The Power of ...,£21.74,5,In stock
889,Black Flags: The Rise ...,£40.87,1,In stock
890,"Black Butler, Vol. 1 ...",£49.31,1,In stock
891,Big Little Lies,£22.11,1,In stock
892,Between Shades of Gray,£20.79,5,In stock
893,Best of My Love ...,£27.41,2,In stock
894,Beowulf,£38.35,2,In stock
895,Beautiful Creatures (Caster Chronicles ...,£21.55,5,In stock
896,Awkward,£38.02,2,In stock
897,Ash,£22.06,4,In stock
898,Are We There Yet?,£10.66,3,In stock
899,Are We Smart Enough ...,£56.58,1,In stock
900,Annie on My Mind,£36.83,5,In stock
901,And Then There Were ...,£35.01,2,In stock
902,A Walk in the ...,£30.48,4,In stock
903,A Visit from the ...,£14.08,5,In stock
904,A Storm of Swords ...,£31.22,2,In stock
905,A Heartbreaking Work of ...,£54.29,5,In stock
906,8 Keys to Mental ...,£31.04,1,In stock
907,#GIRLBOSS,£50.96,1,In stock
908,The Suffragettes (Little Black ...,£11.89,2,In stock
909,The Sense of an ...,£31.38,3,In stock
910,"The Sandman, Vol. 2: ...",£54.81,1,In stock
911,The Course of Love,£16.78,3,In stock
912,Sugar Rush (Offensive Line ...,£24.42,1,In stock
913,"Saga, Volume 2 (Saga ...",£11.75,3,In stock
914,"Run, Spot, Run: The ...",£20.02,1,In stock
915,New Moon (Twilight #2),£12.86,4,In stock
916,Life,£31.58,5,In stock
917,Kindle Paperwhite User's Guide,£34.00,3,In stock
918,H is for Hawk,£57.42,5,In stock
919,Girl Online On Tour ...,£53.47,1,In stock
920,"Fruits Basket, Vol. 2 ...",£11.64,5,In stock
921,Diary of a Minecraft ...,£52.88,4,In stock
922,"Y: The Last Man, ...",£18.51,4,In stock
923,While You Were Mine,£41.32,5,In stock
924,Where Lightning Strikes (Bleeding ...,£39.77,3,In stock
925,When I'm Gone,£51.96,3,In stock
926,Ways of Seeing,£39.51,5,In stock
927,"Vampire Knight, Vol. 1 ...",£15.40,1,In stock
928,Vampire Girl (Vampire Girl ...,£53.82,2,In stock
929,Twenty Love Poems and ...,£30.95,4,In stock
930,Travels with Charley: In ...,£57.82,5,In stock
931,Three Wishes (River of ...,£44.18,2,In stock
932,This One Moment (Pushing ...,£48.71,1,In stock
933,The Zombie Room,£19.69,5,In stock
934,The Wicked + The ...,£36.52,2,In stock
935,The Tumor,£41.56,5,In stock
936,The Story of Hong ...,£43.19,4,In stock
937,The Silent Wife,£12.34,5,In stock
938,The Silent Twin (Detective ...,£36.25,3,In stock
939,The Selfish Gene,£29.45,1,In stock
940,The Secret Healer,£34.56,3,In stock
941,"The Sandman, Vol. 1: ...",£54.12,3,In stock
942,The Republic,£33.78,3,In stock
943,The Odyssey,£29.64,3,In stock
944,The No. 1 Ladies' ...,£57.70,4,In stock
945,The Nicomachean Ethics,£36.34,1,In stock
946,The Name of the ...,£50.59,3,In stock
947,The Mirror & the ...,£29.38,1,In stock
948,The Little Prince,£45.42,2,In stock
949,The Light of the ...,£54.43,1,In stock
950,The Last Girl (The ...,£36.26,2,In stock
951,The Iliad,£16.16,1,In stock
952,The Hook Up (Game ...,£36.29,5,In stock
953,The Haters,£27.89,5,In stock
954,The Girl You Lost,£12.29,5,In stock
955,The Girl In The ...,£15.85,3,In stock
956,The End of the ...,£14.40,1,In stock
957,The Edge of Reason ...,£19.18,4,In stock
958,The Complete Maus (Maus ...,£10.64,3,In stock
959,The Communist Manifesto,£14.76,3,In stock
960,The Bhagavad Gita,£57.49,3,In stock
961,The Bette Davis Club,£30.66,3,In stock
962,The Art of Not ...,£40.83,4,In stock
963,Taking Shots (Assassins #1),£18.88,2,In stock
964,Starlark,£25.83,3,In stock
965,"Skip Beat!, Vol. 01 ...",£42.12,3,In stock
966,Sister Sable (The Mad ...,£13.33,3,In stock
967,Shatter Me (Shatter Me ...,£42.40,1,In stock
968,Shameless,£58.35,3,In stock
969,Shadow Rites (Jane Yellowrock ...,£21.72,4,In stock
970,Settling the Score (The ...,£44.91,2,In stock
971,Sense and Sensibility,£37.46,1,In stock
972,"Saga, Volume 1 (Saga ...",£28.48,1,In stock
973,"Rhythm, Chord & Malykhin",£28.34,2,In stock
974,"Rat Queens, Vol. 1: ...",£46.96,5,In stock
975,Paradise Lost (Paradise #1),£24.96,1,In stock
976,"Paper Girls, Vol. 1 ...",£21.71,4,In stock
977,Ouran High School Host ...,£29.87,3,In stock
978,Origins (Alphas 0.5),£28.99,1,In stock
979,One Second (Seven #7),£52.94,2,In stock
